{
  "total_chunks": 0,
  "avg_length": 802.1413721413721,
  "max_length": 1000,
  "min_length": 209,
  "median_length": 837,
  "stdev_length": 162.22985485296257,
  "avg_words": 138.77130977130977,
  "length_distribution": {
    "0-100": 0,
    "100-200": 0,
    "200-500": 27,
    "500-1000": 453,
    "1000-2000": 1,
    "2000-5000": 0,
    "5000-10000": 0,
    "10000-이상": 0
  },
  "source_distribution": {
    "The Critique of Practical Reason": 481
  }
}